id;username;first_name;last_name;email
1;compressing;Jamey;Schmitt;Dorris78@gmail.com
2;array orchestration;Kyleigh;Stracke;Green46@yahoo.com
3;infomediaries compressing Rustic Frozen Shoes;Maxime;Franecki;Tracy65@yahoo.com
4;value-added Cotton Principal;Rosella;Boehm;Nathanael.Olson@hotmail.com
5;1080p copying Ergonomic;Amira;Ryan;Melissa_Hermann47@hotmail.com
6;Nevada Rustic Rubber Tuna;Marie;Muller;Curtis.Hamill16@hotmail.com
7;Colorado invoice magnetic;Abbie;Mraz;Garrick.Cummings45@gmail.com
8;mindshare Idaho;Phoebe;Collins;Brandy_Kuvalis47@gmail.com
9;Future Identity;Ivory;Romaguera;Sarah.Bergstrom@yahoo.com
10;Usability reintermediate;Okey;Stiedemann;Adolph_Wiza94@hotmail.com
